_id,No OCORRENCIA,DATA DO FATO,HORA DO FATO,GRUPO DE INCIDENTE,TIPO DE INCIDENTE,UF,MUNICIPIO,BAIRRO,LOGRADOURO,TIPO DE LOCAL
1,49840274,2023-01-01T00:00:00,09:46:00,CRIMES CONTRA PATRIMONIO,CRIMES CONTRA PATRIMONIO: ROUBO: EM ESTABELECIMENTO COMERCIAL,ES,VITORIA,MARUIPE,AV MARUIPE,COMERCIO
2,49849503,2023-01-02T00:00:00,10:42:00,CRIMES CONTRA PATRIMONIO,CRIMES CONTRA PATRIMONIO: ROUBO: EM ESTABELECIMENTO COMERCIAL,ES,VITORIA,JABOUR,RUA MILTON DE CASTRO MATTOS,COMERCIO
3,49849695,2023-01-01T00:00:00,09:40:00,CRIMES CONTRA PATRIMONIO,CRIMES CONTRA PATRIMONIO: ROUBO: EM ESTABELECIMENTO COMERCIAL,ES,VITORIA,MARUIPE,AV MARUIPE,COMERCIO
4,49849716,2023-01-01T00:00:00,09:30:00,CRIMES CONTRA PATRIMONIO,CRIMES CONTRA PATRIMONIO: ROUBO: EM ESTABELECIMENTO COMERCIAL,ES,VITORIA,MARUIPE,AVENIDA MARUIPE,COMERCIO
5,49852309,2023-01-01T00:00:00,17:00:00,CRIMES CONTRA PATRIMONIO,CRIMES CONTRA PATRIMONIO: ROUBO: EM ESTABELECIMENTO COMERCIAL,ES,VILA VELHA,GLORIA,AV CARLOS LINDEMBERG,COMERCIO
6,49852945,2023-01-02T00:00:00,17:30:00,CRIMES CONTRA PATRIMONIO,CRIMES CONTRA PATRIMONIO: ROUBO: EM ESTABELECIMENTO COMERCIAL,ES,SAO GABRIEL DA PALHA,CENTRO,AV GRACIANO NEVES,COMERCIO
7,49855346,2023-01-02T00:00:00,22:38:00,CRIMES CONTRA PATRIMONIO,CRIMES CONTRA PATRIMONIO: ROUBO: EM ESTABELECIMENTO COMERCIAL,ES,SERRA,SAO DIOGO I,AV TERCEIRA AVENIDA,COMERCIO
8,49860360,2023-01-02T00:00:00,22:20:00,CRIMES CONTRA PATRIMONIO,CRIMES CONTRA PATRIMONIO: ROUBO: EM ESTABELECIMENTO COMERCIAL,ES,SERRA,JARDIM LIMOEIRO,AV FLORIANOPOLIS,COMERCIO
9,49860702,2023-01-03T00:00:00,12:10:00,CRIMES CONTRA PATRIMONIO,CRIMES CONTRA PATRIMONIO: ROUBO: EM ESTABELECIMENTO COMERCIAL,ES,JAGUARE,CENTRO,AV 9 DE AGOSTO,COMERCIO
10,49860743,2023-01-03T00:00:00,23:59:00,CRIMES CONTRA PATRIMONIO,CRIMES CONTRA PATRIMONIO: ROUBO: EM ESTABELECIMENTO COMERCIAL,ES,SERRA,CHACARA PARREIRAL,RUA RAIMUNDO CORREIA 32,COMERCIO
11,49878032,2023-01-05T00:00:00,10:37:00,CRIMES CONTRA PATRIMONIO,CRIMES CONTRA PATRIMONIO: ROUBO: EM ESTABELECIMENTO COMERCIAL,ES,SAO MATEUS,CENTRO,RUA FLORIANO PEIXOTO,VIA PUBLICA
12,49880756,2023-01-05T00:00:00,09:50:00,CRIMES CONTRA PATRIMONIO,CRIMES CONTRA PATRIMONIO: ROUBO: EM ESTABELECIMENTO COMERCIAL,ES,SAO MATEUS,CENTRO,RUA FLORIANO PEIXOTO,COMERCIO
13,49880861,2023-01-05T00:00:00,16:16:00,CRIMES CONTRA PATRIMONIO,CRIMES CONTRA PATRIMONIO: ROUBO: EM ESTABELECIMENTO COMERCIAL,ES,COLATINA,SAO SILVANO,AV SILVIO AVIDOS,VIA PUBLICA
14,49881259,2023-01-05T00:00:00,15:30:00,CRIMES CONTRA PATRIMONIO,CRIMES CONTRA PATRIMONIO: ROUBO: EM ESTABELECIMENTO COMERCIAL,ES,SERRA,BELVEDERE,BR 1O1,RODOVIA FEDERAL
15,49884610,2023-01-06T00:00:00,03:31:00,CRIMES CONTRA PATRIMONIO,CRIMES CONTRA PATRIMONIO: ROUBO: EM ESTABELECIMENTO COMERCIAL,ES,BOM JESUS DO NORTE,ZONA RURAL,RODOVIA ES 484,VIA PUBLICA
16,49889421,2023-01-06T00:00:00,16:37:00,CRIMES CONTRA PATRIMONIO,CRIMES CONTRA PATRIMONIO: ROUBO: EM ESTABELECIMENTO COMERCIAL,ES,LINHARES,CENTRO,AV NICOLA BIANCARDI,COMERCIO
17,49889617,2023-01-06T00:00:00,14:20:00,CRIMES CONTRA PATRIMONIO,CRIMES CONTRA PATRIMONIO: ROUBO: EM ESTABELECIMENTO COMERCIAL,ES,LINHARES,INTERLAGOS,AV TOME DE SOUZA,COMERCIO
18,49896227,2023-01-06T00:00:00,15:00:00,CRIMES CONTRA PATRIMONIO,CRIMES CONTRA PATRIMONIO: ROUBO: EM ESTABELECIMENTO COMERCIAL,ES,LINHARES,CENTRO,AV AUGUSTO CALMON,OUTRO LOCAL
19,49899988,2023-01-07T00:00:00,21:38:00,CRIMES CONTRA PATRIMONIO,CRIMES CONTRA PATRIMONIO: ROUBO: EM ESTABELECIMENTO COMERCIAL,ES,COLATINA,CARLOS GERMANO NAUMANN,ROD GETHER LOPES DE FARIAS,COMERCIO
20,49900264,2023-01-07T00:00:00,22:09:00,CRIMES CONTRA PATRIMONIO,CRIMES CONTRA PATRIMONIO: ROUBO: EM ESTABELECIMENTO COMERCIAL,ES,VILA VELHA,VALE ENCANTADO,RUA LUCILANDIA,COMERCIO
21,49905561,2023-01-08T00:00:00,13:23:00,CRIMES CONTRA PATRIMONIO,CRIMES CONTRA PATRIMONIO: ROUBO: EM ESTABELECIMENTO COMERCIAL,ES,GUARAPARI,CENTRO,RUA JOAQUIM DA SILVA LIMA,VIA PUBLICA
22,49911006,2023-01-09T00:00:00,02:51:00,CRIMES CONTRA PATRIMONIO,CRIMES CONTRA PATRIMONIO: ROUBO: EM ESTABELECIMENTO COMERCIAL,ES,SERRA,SANTIAGO,NAO CADASTRADA,COMERCIO
23,49912742,2023-01-08T00:00:00,13:00:00,CRIMES CONTRA PATRIMONIO,CRIMES CONTRA PATRIMONIO: ROUBO: EM ESTABELECIMENTO COMERCIAL,ES,GUARAPARI,CENTRO,RUA JOAQUIM DA SILVA LIMA,COMERCIO
24,49914766,2023-01-09T00:00:00,02:04:00,CRIMES CONTRA PATRIMONIO,CRIMES CONTRA PATRIMONIO: ROUBO: EM ESTABELECIMENTO COMERCIAL,ES,SERRA,CHAPADA GRANDE,RODOVIA GOVERNADOR MARIO COVAS,RODOVIA ESTADUAL
25,49914798,2023-01-09T00:00:00,03:00:00,CRIMES CONTRA PATRIMONIO,CRIMES CONTRA PATRIMONIO: ROUBO: EM ESTABELECIMENTO COMERCIAL,ES,SERRA,CHAPADA GRANDE,RODOVIA GOVERNADOR MARIO COVAS,RODOVIA ESTADUAL
26,49921914,2023-01-10T00:00:00,05:35:00,CRIMES CONTRA PATRIMONIO,CRIMES CONTRA PATRIMONIO: ROUBO: EM ESTABELECIMENTO COMERCIAL,ES,VILA VELHA,ATAIDE,RUA PRRINCESA ISABEL,COMERCIO
27,49924069,2023-01-09T00:00:00,21:31:00,CRIMES CONTRA PATRIMONIO,CRIMES CONTRA PATRIMONIO: ROUBO: EM ESTABELECIMENTO COMERCIAL,ES,SERRA,RESIDENCIAL VISTA DO MESTRE,AV CORSANTO,COMERCIO
28,49924810,2023-01-10T00:00:00,15:20:00,CRIMES CONTRA PATRIMONIO,CRIMES CONTRA PATRIMONIO: ROUBO: EM ESTABELECIMENTO COMERCIAL,ES,SERRA,PORTO CANOA,AV BRASILIA,COMERCIO
29,49933010,2023-01-11T00:00:00,12:57:00,CRIMES CONTRA PATRIMONIO,CRIMES CONTRA PATRIMONIO: ROUBO: EM ESTABELECIMENTO COMERCIAL,ES,VILA VELHA,JARDIM MARILANDIA,NAO CADASTRADO,COMERCIO
30,49934714,2023-01-11T00:00:00,14:30:00,CRIMES CONTRA PATRIMONIO,CRIMES CONTRA PATRIMONIO: ROUBO: EM ESTABELECIMENTO COMERCIAL,ES,LINHARES,BOA VISTA,RUA HILARIO FAE,COMERCIO
31,49934863,2023-01-10T00:00:00,05:30:00,CRIMES CONTRA PATRIMONIO,CRIMES CONTRA PATRIMONIO: ROUBO: EM ESTABELECIMENTO COMERCIAL,ES,VILA VELHA,ATAIDE,Sem Informacao,COMERCIO
32,49950472,2023-01-13T00:00:00,14:07:00,CRIMES CONTRA PATRIMONIO,CRIMES CONTRA PATRIMONIO: ROUBO: EM ESTABELECIMENTO COMERCIAL,ES,LINHARES,LAGOA DO MEIO,Sem Informacao,COMERCIO
33,49955647,2023-01-14T00:00:00,01:14:00,CRIMES CONTRA PATRIMONIO,CRIMES CONTRA PATRIMONIO: ROUBO: EM ESTABELECIMENTO COMERCIAL,ES,GOVERNADOR LINDENBERG,MOACIR AVIDOS,ROD ES 245,COMERCIO
34,49957499,2023-01-12T00:00:00,13:15:00,CRIMES CONTRA PATRIMONIO,CRIMES CONTRA PATRIMONIO: ROUBO: EM ESTABELECIMENTO COMERCIAL,ES,VITORIA,SANTA LUCIA,AV NOSSA SENHHORA DA PENHA,COMERCIO
35,49958753,2023-01-14T00:00:00,10:50:00,CRIMES CONTRA PATRIMONIO,CRIMES CONTRA PATRIMONIO: ROUBO: EM ESTABELECIMENTO COMERCIAL,ES,COLATINA,CARLOS GERMANO NAUMANN,ROD GETHER LOPES DE FARIAS,COMERCIO
36,49968433,2023-01-15T00:00:00,12:46:00,CRIMES CONTRA PATRIMONIO,CRIMES CONTRA PATRIMONIO: ROUBO: EM ESTABELECIMENTO COMERCIAL,ES,SOORETAMA,CENTRO,AV VISTA ALEGRE,COMERCIO
37,49976486,2023-01-15T00:00:00,09:20:00,CRIMES CONTRA PATRIMONIO,CRIMES CONTRA PATRIMONIO: ROUBO: EM ESTABELECIMENTO COMERCIAL,ES,VITORIA,MARUIPE,AV MARUIPE,COMERCIO
38,49982370,2023-01-16T00:00:00,20:00:00,CRIMES CONTRA PATRIMONIO,CRIMES CONTRA PATRIMONIO: ROUBO: EM ESTABELECIMENTO COMERCIAL,ES,CARIACICA,PADRE GABRIEL,RUA PADRE GABRIEL,COMERCIO
39,49985398,2023-01-11T00:00:00,11:40:00,CRIMES CONTRA PATRIMONIO,CRIMES CONTRA PATRIMONIO: ROUBO: EM ESTABELECIMENTO COMERCIAL,ES,VILA VELHA,JARDIM MARILANDIA,PRACA ARARIUS,COMERCIO
40,49985504,2023-01-15T00:00:00,00:00:00,CRIMES CONTRA PATRIMONIO,CRIMES CONTRA PATRIMONIO: ROUBO: EM ESTABELECIMENTO COMERCIAL,ES,SOORETAMA,CENTRO,AVENIDA VISTA ALEGRE,COMERCIO
41,49988205,2023-01-13T00:00:00,23:55:00,CRIMES CONTRA PATRIMONIO,CRIMES CONTRA PATRIMONIO: ROUBO: EM ESTABELECIMENTO COMERCIAL,ES,SAO MATEUS,GURIRI,AVENIDA ESBERTALINA BARBOSA DAMIANI,CASA DE SHOW/EVENTOS
42,49992296,2023-01-17T00:00:00,20:30:00,CRIMES CONTRA PATRIMONIO,CRIMES CONTRA PATRIMONIO: ROUBO: EM ESTABELECIMENTO COMERCIAL,ES,SERRA,NOVA CARAPINA I,AV BELO HORIZONTE,COMERCIO
43,50000678,2023-01-18T00:00:00,20:07:00,CRIMES CONTRA PATRIMONIO,CRIMES CONTRA PATRIMONIO: ROUBO: EM ESTABELECIMENTO COMERCIAL,ES,VILA VELHA,BARRA DO JUCU,AV ALFREDO SISLEY,COMERCIO
44,50001160,2023-01-18T00:00:00,21:14:00,CRIMES CONTRA PATRIMONIO,CRIMES CONTRA PATRIMONIO: ROUBO: EM ESTABELECIMENTO COMERCIAL,ES,SERRA,PARQUE RESIDENCIAL LARANJEIRAS,NAO CADASTRADA,VIA PUBLICA
45,50001761,2023-01-18T00:00:00,22:21:00,CRIMES CONTRA PATRIMONIO,CRIMES CONTRA PATRIMONIO: ROUBO: EM ESTABELECIMENTO COMERCIAL,ES,SERRA,PARQUE RESIDENCIAL LARANJEIRAS,RUA BENJAMIN FRANKLIN,COMERCIO
46,50006935,2023-01-19T00:00:00,12:30:00,CRIMES CONTRA PATRIMONIO,CRIMES CONTRA PATRIMONIO: ROUBO: EM ESTABELECIMENTO COMERCIAL,ES,JAGUARE,CENTRO,RUA GERALDO ELIOTERIO,RESIDÊNCIA
47,50007229,2023-01-19T00:00:00,13:26:00,CRIMES CONTRA PATRIMONIO,CRIMES CONTRA PATRIMONIO: ROUBO: EM ESTABELECIMENTO COMERCIAL,ES,CARIACICA,CAMPO GRANDE,RUA MINISTRO EURICO SALLES DE AGUIAR,VIA PUBLICA
48,50008459,2023-01-19T00:00:00,13:00:00,CRIMES CONTRA PATRIMONIO,CRIMES CONTRA PATRIMONIO: ROUBO: EM ESTABELECIMENTO COMERCIAL,ES,CARIACICA,CAMPO GRANDE,AV MIN EURICO SALLES DE AGUIAR,CONSULTORIO
49,50015813,2023-01-20T00:00:00,12:22:00,CRIMES CONTRA PATRIMONIO,CRIMES CONTRA PATRIMONIO: ROUBO: EM ESTABELECIMENTO COMERCIAL,ES,CARIACICA,BELA AURORA,RUA ESPIRITO SANTO,COMERCIO
50,50018959,2023-01-20T00:00:00,18:23:00,CRIMES CONTRA PATRIMONIO,CRIMES CONTRA PATRIMONIO: ROUBO: EM ESTABELECIMENTO COMERCIAL,ES,SAO MATEUS,CENTRO,AV JONES DOS SANTOS NEVES,COMERCIO
51,50021304,2023-01-19T00:00:00,18:56:00,CRIMES CONTRA PATRIMONIO,CRIMES CONTRA PATRIMONIO: ROUBO: EM ESTABELECIMENTO COMERCIAL,ES,VITORIA,PRAIA DO CANTO,RUA,COMERCIO
52,50022524,2023-01-20T00:00:00,23:20:00,CRIMES CONTRA PATRIMONIO,CRIMES CONTRA PATRIMONIO: ROUBO: EM ESTABELECIMENTO COMERCIAL,ES,VIANA,AREINHA,AV GUARAPARI,COMERCIO
53,50031698,2023-01-22T00:00:00,03:22:00,CRIMES CONTRA PATRIMONIO,CRIMES CONTRA PATRIMONIO: ROUBO: EM ESTABELECIMENTO COMERCIAL,ES,SAO GABRIEL DA PALHA,ZONA RURAL,RODOVIA JOAO IZOTON FILHO,COMERCIO
54,50040061,2023-01-13T00:00:00,13:30:00,CRIMES CONTRA PATRIMONIO,CRIMES CONTRA PATRIMONIO: ROUBO: EM ESTABELECIMENTO COMERCIAL,ES,VILA VELHA,CIDADE DA BARRA,RUA ERICO VERISSIMO,COMERCIO
55,50040481,2023-01-21T00:00:00,12:56:00,CRIMES CONTRA PATRIMONIO,CRIMES CONTRA PATRIMONIO: ROUBO: EM ESTABELECIMENTO COMERCIAL,ES,VITORIA,JARDIM CAMBURI,RUA GELU VERVLOET DOS SANTOS,COMERCIO
56,50040588,2023-01-18T00:00:00,19:30:00,CRIMES CONTRA PATRIMONIO,CRIMES CONTRA PATRIMONIO: ROUBO: EM ESTABELECIMENTO COMERCIAL,ES,SERRA,BAIRRO DAS LARANJEIRAS,RUA BENJAMIN FRANKLIN,RESIDÊNCIA
57,50042758,2023-01-22T00:00:00,15:30:00,CRIMES CONTRA PATRIMONIO,CRIMES CONTRA PATRIMONIO: ROUBO: EM ESTABELECIMENTO COMERCIAL,ES,SERRA,VILA NOVA DE COLARES,Sem Informacao,VIA PUBLICA
58,50051687,2023-01-23T00:00:00,19:00:00,CRIMES CONTRA PATRIMONIO,CRIMES CONTRA PATRIMONIO: ROUBO: EM ESTABELECIMENTO COMERCIAL,ES,CACHOEIRO DE ITAPEMIRIM,ALTO MONTE CRISTO,AVENIDA DOMINGOS ALCINO DADALTO,COMERCIO
59,50052685,2023-01-24T00:00:00,14:54:00,CRIMES CONTRA PATRIMONIO,CRIMES CONTRA PATRIMONIO: ROUBO: EM ESTABELECIMENTO COMERCIAL,ES,LINHARES,CENTRO,AVENIDA JOAO FELIPE CALMON,COMERCIO
60,50053489,2023-01-20T00:00:00,11:48:00,CRIMES CONTRA PATRIMONIO,CRIMES CONTRA PATRIMONIO: ROUBO: EM ESTABELECIMENTO COMERCIAL,ES,CARIACICA,BELA AURORA,AV ESPIRITO SANTO,COMERCIO
61,50053496,2023-01-20T00:00:00,12:00:00,CRIMES CONTRA PATRIMONIO,CRIMES CONTRA PATRIMONIO: ROUBO: EM ESTABELECIMENTO COMERCIAL,ES,CARIACICA,BELA AURORA,AV. ESPIRITO SANTO,COMERCIO
62,50060116,2023-01-25T00:00:00,11:26:00,CRIMES CONTRA PATRIMONIO,CRIMES CONTRA PATRIMONIO: ROUBO: EM ESTABELECIMENTO COMERCIAL,ES,GUACUI,CENTRO,NAO CADASTRADA,OUTRO LOCAL
63,50063365,2023-01-24T00:00:00,16:30:00,CRIMES CONTRA PATRIMONIO,CRIMES CONTRA PATRIMONIO: ROUBO: EM ESTABELECIMENTO COMERCIAL,ES,CACHOEIRO DE ITAPEMIRIM,AGOSTINHO SIMONATO,RUA ERNANDES DUARTE DA FONSECA,COMERCIO
64,50064670,2023-01-25T00:00:00,20:41:00,CRIMES CONTRA PATRIMONIO,CRIMES CONTRA PATRIMONIO: ROUBO: EM ESTABELECIMENTO COMERCIAL,ES,VITORIA,SANTA LUCIA,AV NOSSA SENHORA DA PENHA,COMERCIO
65,50071101,2023-01-24T00:00:00,20:37:00,CRIMES CONTRA PATRIMONIO,CRIMES CONTRA PATRIMONIO: ROUBO: EM ESTABELECIMENTO COMERCIAL,ES,VITORIA,PRAIA DO CANTO,RUA ALEIXO NETTO,COMERCIO
66,50071265,2023-01-16T00:00:00,20:00:00,CRIMES CONTRA PATRIMONIO,CRIMES CONTRA PATRIMONIO: ROUBO: EM ESTABELECIMENTO COMERCIAL,ES,SERRA,BARCELONA,ROD GOVERNADOR MARIO COVAS,COMERCIO
67,50077209,2023-01-25T00:00:00,19:00:00,CRIMES CONTRA PATRIMONIO,CRIMES CONTRA PATRIMONIO: ROUBO: EM ESTABELECIMENTO COMERCIAL,ES,CARIACICA,CAMPO GRANDE,RUA JOSE VIEIRA GOMES,COMERCIO
68,50081008,2023-01-27T00:00:00,16:49:00,CRIMES CONTRA PATRIMONIO,CRIMES CONTRA PATRIMONIO: ROUBO: EM ESTABELECIMENTO COMERCIAL,ES,LINHARES,BNH,AV JUSCELINO KUBSTCHECK,COMERCIO
69,50087597,2023-01-27T00:00:00,23:40:00,CRIMES CONTRA PATRIMONIO,CRIMES CONTRA PATRIMONIO: ROUBO: EM ESTABELECIMENTO COMERCIAL,ES,SERRA,ROSARIO DE FATIMA,Sem Informacao,COMERCIO
70,50088434,2023-01-27T00:00:00,22:30:00,CRIMES CONTRA PATRIMONIO,CRIMES CONTRA PATRIMONIO: ROUBO: EM ESTABELECIMENTO COMERCIAL,ES,SERRA,PORTO CANOA,AVENIDA BICO TORTO,COMERCIO
71,50088438,2023-01-27T00:00:00,22:30:00,CRIMES CONTRA PATRIMONIO,CRIMES CONTRA PATRIMONIO: ROUBO: EM ESTABELECIMENTO COMERCIAL,ES,SERRA,PORTO CANOA,Sem Informacao,VIA PUBLICA
72,50088800,2023-01-19T00:00:00,21:09:00,CRIMES CONTRA PATRIMONIO,CRIMES CONTRA PATRIMONIO: ROUBO: EM ESTABELECIMENTO COMERCIAL,ES,SERRA,PARQUE RESIDENCIAL LARANJEIRAS,AVENIDA,COMERCIO
73,50093449,2023-01-28T00:00:00,21:15:00,CRIMES CONTRA PATRIMONIO,CRIMES CONTRA PATRIMONIO: ROUBO: EM ESTABELECIMENTO COMERCIAL,ES,VITORIA,JARDIM CAMBURI,AV DANTE MICHELINE,COMERCIO
74,50105915,2023-01-28T00:00:00,02:50:00,CRIMES CONTRA PATRIMONIO,CRIMES CONTRA PATRIMONIO: ROUBO: EM ESTABELECIMENTO COMERCIAL,ES,VITORIA,VILA RUBIM,AVENIDA NAIR DE AZEVEDO SILVA,COMERCIO
75,50106103,2023-01-28T00:00:00,21:10:00,CRIMES CONTRA PATRIMONIO,CRIMES CONTRA PATRIMONIO: ROUBO: EM ESTABELECIMENTO COMERCIAL,ES,VITORIA,JARDIM DA PENHA,RUA LUDWIK MACAL,COMERCIO
76,50106319,2023-01-27T00:00:00,16:40:00,CRIMES CONTRA PATRIMONIO,CRIMES CONTRA PATRIMONIO: ROUBO: EM ESTABELECIMENTO COMERCIAL,ES,LINHARES,NOVO HORIZONTE,AV PRES JUSCELINO KUBITSCHEK,ESCRITORIO
77,50106537,2023-01-27T00:00:00,17:30:00,CRIMES CONTRA PATRIMONIO,CRIMES CONTRA PATRIMONIO: ROUBO: EM ESTABELECIMENTO COMERCIAL,ES,CACHOEIRO DE ITAPEMIRIM,AEROPORTO,SAINDO DO CONJUNTO COM DESTINO A ATILIO VIVACQUA,COMERCIO
78,50106662,2023-01-29T00:00:00,06:30:00,CRIMES CONTRA PATRIMONIO,CRIMES CONTRA PATRIMONIO: ROUBO: EM ESTABELECIMENTO COMERCIAL,ES,CACHOEIRO DE ITAPEMIRIM,SAO FRANCISCO DE ASSIS,AVENIDA,OUTRO LOCAL
79,50121521,2023-01-30T00:00:00,21:59:00,CRIMES CONTRA PATRIMONIO,CRIMES CONTRA PATRIMONIO: ROUBO: EM ESTABELECIMENTO COMERCIAL,ES,VITORIA,ENSEADA DO SUA,RUA ALAOR DE QUEIROZ ARAUJO,OUTRO LOCAL
80,50128035,2023-01-31T00:00:00,20:15:00,CRIMES CONTRA PATRIMONIO,CRIMES CONTRA PATRIMONIO: ROUBO: EM ESTABELECIMENTO COMERCIAL,ES,VITORIA,SANTA LUCIA,AVENIDA NOSSA SENHORA DA PENHA,COMERCIO
81,50137638,2023-01-31T00:00:00,11:30:00,CRIMES CONTRA PATRIMONIO,CRIMES CONTRA PATRIMONIO: ROUBO: EM ESTABELECIMENTO COMERCIAL,ES,SERRA,FEU ROSA,RUA DAS AVENCAS,COMERCIO
82,50138459,2023-01-25T00:00:00,20:27:00,CRIMES CONTRA PATRIMONIO,CRIMES CONTRA PATRIMONIO: ROUBO: EM ESTABELECIMENTO COMERCIAL,ES,VITORIA,SANTA LUCIA,AVENIDA NOSSA SENHORA DA PENHA,COMERCIO
83,50139384,2023-02-02T00:00:00,12:42:00,CRIMES CONTRA PATRIMONIO,CRIMES CONTRA PATRIMONIO: ROUBO: EM ESTABELECIMENTO COMERCIAL,ES,CARIACICA,SAO GERALDO,AV ALICE COUTINHO,COMERCIO
84,50146873,2023-02-01T00:00:00,15:04:00,CRIMES CONTRA PATRIMONIO,CRIMES CONTRA PATRIMONIO: ROUBO: EM ESTABELECIMENTO COMERCIAL,ES,VITORIA,SANTA LUCIA,JOSE TEIXEIRA,CONSULTORIO
85,50147041,2023-01-28T00:00:00,13:20:00,CRIMES CONTRA PATRIMONIO,CRIMES CONTRA PATRIMONIO: ROUBO: EM ESTABELECIMENTO COMERCIAL,ES,CACHOEIRO DE ITAPEMIRIM,AGOSTINHO SIMONATO,RUA ERNANDES DUARTE FONSECA,COMERCIO
86,50147121,2023-02-03T00:00:00,10:00:00,CRIMES CONTRA PATRIMONIO,CRIMES CONTRA PATRIMONIO: ROUBO: EM ESTABELECIMENTO COMERCIAL,ES,CARIACICA,CAMPO GRANDE,AV EXPEDITO GARCIA,COMERCIO
87,50147283,2023-02-01T00:00:00,12:00:00,CRIMES CONTRA PATRIMONIO,CRIMES CONTRA PATRIMONIO: ROUBO: EM ESTABELECIMENTO COMERCIAL,ES,VITORIA,ENSEADA DO SUA,RUA ALAOR DE QUEIROZ ARAUJO,OUTRO LOCAL
88,50148799,2023-02-03T00:00:00,14:30:00,CRIMES CONTRA PATRIMONIO,CRIMES CONTRA PATRIMONIO: ROUBO: EM ESTABELECIMENTO COMERCIAL,ES,LINHARES,SAO JOSE,AV GILSON AGUIAR BATISTI,COMERCIO
89,50148918,2023-02-03T00:00:00,14:44:00,CRIMES CONTRA PATRIMONIO,CRIMES CONTRA PATRIMONIO: ROUBO: EM ESTABELECIMENTO COMERCIAL,ES,VILA VELHA,ITAPOA,AV RESPLENDOR,COMERCIO
90,50157399,2023-02-03T00:00:00,13:20:00,CRIMES CONTRA PATRIMONIO,CRIMES CONTRA PATRIMONIO: ROUBO: EM ESTABELECIMENTO COMERCIAL,ES,VILA VELHA,ITAPOA,AVENIDA RESPLENDOR,COMERCIO
91,50159840,2023-02-04T00:00:00,16:23:00,CRIMES CONTRA PATRIMONIO,CRIMES CONTRA PATRIMONIO: ROUBO: EM ESTABELECIMENTO COMERCIAL,ES,ITAPEMIRIM,BREJO GRANDE DO NORTE,RUA NAO CADASTRADA,COMERCIO
92,50160321,2023-02-04T00:00:00,15:25:00,CRIMES CONTRA PATRIMONIO,CRIMES CONTRA PATRIMONIO: ROUBO: EM ESTABELECIMENTO COMERCIAL,ES,GUARAPARI,MUQUICABA,RUA JOAQUIM FONSECA,COMERCIO
93,50161258,2023-02-03T00:00:00,19:58:00,CRIMES CONTRA PATRIMONIO,CRIMES CONTRA PATRIMONIO: ROUBO: EM ESTABELECIMENTO COMERCIAL,ES,SERRA,ROSARIO DE FATIMA,RODOVIA GOVERNADOR MARIO COVAS,COMERCIO
94,50161478,2023-02-04T00:00:00,18:45:00,CRIMES CONTRA PATRIMONIO,CRIMES CONTRA PATRIMONIO: ROUBO: EM ESTABELECIMENTO COMERCIAL,ES,GUARAPARI,MUQUICABA,AV JONES DOS SANTOS NEVES,COMERCIO
95,50179531,2023-02-06T00:00:00,15:44:00,CRIMES CONTRA PATRIMONIO,CRIMES CONTRA PATRIMONIO: ROUBO: EM ESTABELECIMENTO COMERCIAL,ES,VIANA,MARCILIO DE NORONHA,AV ESPIRITO SANTO,COMERCIO
96,50180651,2023-02-04T00:00:00,20:45:00,CRIMES CONTRA PATRIMONIO,CRIMES CONTRA PATRIMONIO: ROUBO: EM ESTABELECIMENTO COMERCIAL,ES,VITORIA,PRAIA DO CANTO,RUA ALEIXO NETTO,COMERCIO
97,50185686,2023-02-06T00:00:00,22:13:00,CRIMES CONTRA PATRIMONIO,CRIMES CONTRA PATRIMONIO: ROUBO: EM ESTABELECIMENTO COMERCIAL,ES,CACHOEIRO DE ITAPEMIRIM,CORONEL BORGES,RODOVIA GOVERNADOR LACERDA DE AGUIAR,COMERCIO
98,50188518,2023-02-04T00:00:00,07:45:00,CRIMES CONTRA PATRIMONIO,CRIMES CONTRA PATRIMONIO: ROUBO: EM ESTABELECIMENTO COMERCIAL,ES,VITORIA,MARUIPE,AV MARUIPE,COMERCIO
99,50188624,2023-02-04T00:00:00,21:00:00,CRIMES CONTRA PATRIMONIO,CRIMES CONTRA PATRIMONIO: ROUBO: EM ESTABELECIMENTO COMERCIAL,ES,VITORIA,CONSOLACAO,AVENIDA MARECHAL CAMPOS,COMERCIO
100,50192172,2023-02-07T00:00:00,19:53:00,CRIMES CONTRA PATRIMONIO,CRIMES CONTRA PATRIMONIO: ROUBO: EM ESTABELECIMENTO COMERCIAL,ES,SAO MATEUS,URUSSUQUARA,ES010 BAR E MERCEARIA FAROL,COMERCIO
101,50195541,2023-02-08T00:00:00,05:40:00,CRIMES CONTRA PATRIMONIO,CRIMES CONTRA PATRIMONIO: ROUBO: EM ESTABELECIMENTO COMERCIAL,ES,NOVA VENECIA,CENTRO,RUA OESTE,VIA PUBLICA
102,50196295,2023-02-02T00:00:00,20:05:00,CRIMES CONTRA PATRIMONIO,CRIMES CONTRA PATRIMONIO: ROUBO: EM ESTABELECIMENTO COMERCIAL,ES,VITORIA,ENSEADA DO SUA,AV AMARICO BUAIZ,COMERCIO
103,50197373,2023-02-08T00:00:00,00:45:00,CRIMES CONTRA PATRIMONIO,CRIMES CONTRA PATRIMONIO: ROUBO: EM ESTABELECIMENTO COMERCIAL,ES,VITORIA,SANTA HELENA,AV DESEMBARGARDOR SANTOS NEVES,COMERCIO
104,50199235,2023-02-07T00:00:00,16:08:00,CRIMES CONTRA PATRIMONIO,CRIMES CONTRA PATRIMONIO: ROUBO: EM ESTABELECIMENTO COMERCIAL,ES,VITORIA,SANTA LUCIA,"RUA JOSE TEIXEIRA 711, LOJA 01 - EDIFICIO LOURENCO, SANTA LU",COMERCIO
105,50201029,2023-02-03T00:00:00,16:30:00,CRIMES CONTRA PATRIMONIO,CRIMES CONTRA PATRIMONIO: ROUBO: EM ESTABELECIMENTO COMERCIAL,ES,VILA VELHA,COBILANDIA,Sem Informacao,COMERCIO
106,50203308,2023-02-08T00:00:00,20:46:00,CRIMES CONTRA PATRIMONIO,CRIMES CONTRA PATRIMONIO: ROUBO: EM ESTABELECIMENTO COMERCIAL,ES,VILA VELHA,PRAIA DE ITAPARICA,AV ESTUDANTE JOSE JULIO DE SOUZA,COMERCIO
107,50208543,2023-02-09T00:00:00,01:30:00,CRIMES CONTRA PATRIMONIO,CRIMES CONTRA PATRIMONIO: ROUBO: EM ESTABELECIMENTO COMERCIAL,ES,VITORIA,SANTA LUCIA,AVENIDA NOSSA SENHORA DA PENHA,COMERCIO
108,50217294,2023-02-09T00:00:00,20:00:00,CRIMES CONTRA PATRIMONIO,CRIMES CONTRA PATRIMONIO: ROUBO: EM ESTABELECIMENTO COMERCIAL,ES,VILA VELHA,VALE ENCANTADO,RUA AGUIA BRANCA,COMERCIO
109,50217502,2023-02-08T00:00:00,22:10:00,CRIMES CONTRA PATRIMONIO,CRIMES CONTRA PATRIMONIO: ROUBO: EM ESTABELECIMENTO COMERCIAL,ES,VITORIA,JARDIM DA PENHA,Sem Informacao,COMERCIO
110,50219645,2023-02-09T00:00:00,20:08:00,CRIMES CONTRA PATRIMONIO,CRIMES CONTRA PATRIMONIO: ROUBO: EM ESTABELECIMENTO COMERCIAL,ES,VILA VELHA,BARRAMARES,AVENIDA CALIFORNIA,COMERCIO
111,50223798,2023-02-10T00:00:00,21:36:00,CRIMES CONTRA PATRIMONIO,CRIMES CONTRA PATRIMONIO: ROUBO: EM ESTABELECIMENTO COMERCIAL,ES,VITORIA,JARDIM CAMBURI,NAO INFORMADO,COMERCIO
112,50227735,2023-02-11T00:00:00,07:00:00,CRIMES CONTRA PATRIMONIO,CRIMES CONTRA PATRIMONIO: ROUBO: EM ESTABELECIMENTO COMERCIAL,ES,JAGUARE,CENTRO,RUA UIRAPURU,COMERCIO
113,50228789,2023-02-11T00:00:00,04:20:00,CRIMES CONTRA PATRIMONIO,CRIMES CONTRA PATRIMONIO: ROUBO: EM ESTABELECIMENTO COMERCIAL,ES,MARATAIZES,BARRA DE ITAPEMIRIM,RUA JOSE MARQUES SOARES,COMERCIO
114,50252215,2023-02-10T00:00:00,21:36:00,CRIMES CONTRA PATRIMONIO,CRIMES CONTRA PATRIMONIO: ROUBO: EM ESTABELECIMENTO COMERCIAL,ES,VITORIA,JARDIM DA PENHA,Sem Informacao,COMERCIO
115,50252665,2023-02-13T00:00:00,13:12:00,CRIMES CONTRA PATRIMONIO,CRIMES CONTRA PATRIMONIO: ROUBO: EM ESTABELECIMENTO COMERCIAL,ES,GUARAPARI,CENTRO,RUA JOSE BARCELOS DE MATOS,COMERCIO
116,50261026,2023-02-14T00:00:00,09:47:00,CRIMES CONTRA PATRIMONIO,CRIMES CONTRA PATRIMONIO: ROUBO: EM ESTABELECIMENTO COMERCIAL,ES,VITORIA,CENTRO,RUA NAO CADASTRADA,COMERCIO
117,50264182,2023-02-01T00:00:00,08:16:00,CRIMES CONTRA PATRIMONIO,CRIMES CONTRA PATRIMONIO: ROUBO: EM ESTABELECIMENTO COMERCIAL,ES,SERRA,PARQUE RESIDENCIAL LARANJEIRAS,AV CENTRAL,COMERCIO
118,50264974,2023-02-11T00:00:00,19:40:00,CRIMES CONTRA PATRIMONIO,CRIMES CONTRA PATRIMONIO: ROUBO: EM ESTABELECIMENTO COMERCIAL,ES,SANTA MARIA DE JETIBA,OUTRO LOCAL,RODOVIA AFONSO SHUAB KM 15,COMERCIO
119,50272043,2023-02-15T00:00:00,10:23:00,CRIMES CONTRA PATRIMONIO,CRIMES CONTRA PATRIMONIO: ROUBO: EM ESTABELECIMENTO COMERCIAL,ES,ITAPEMIRIM,PALMITAL,NAO CADASTRADO,COMERCIO
120,50281421,2023-02-13T00:00:00,00:46:00,CRIMES CONTRA PATRIMONIO,CRIMES CONTRA PATRIMONIO: ROUBO: EM ESTABELECIMENTO COMERCIAL,ES,VITORIA,ENSEADA DO SUA,AV AMERICO BUAIZ,COMERCIO
121,50282923,2023-02-16T00:00:00,11:30:00,CRIMES CONTRA PATRIMONIO,CRIMES CONTRA PATRIMONIO: ROUBO: EM ESTABELECIMENTO COMERCIAL,ES,COLATINA,AEROPORTO,Sem Informacao,VIA PUBLICA
122,50283147,2023-02-16T00:00:00,12:47:00,CRIMES CONTRA PATRIMONIO,CRIMES CONTRA PATRIMONIO: ROUBO: EM ESTABELECIMENTO COMERCIAL,ES,CARIACICA,CAMPO GRANDE,AV EXPEDITO GARCIA,COMERCIO
123,50294426,2023-02-17T00:00:00,21:15:00,CRIMES CONTRA PATRIMONIO,CRIMES CONTRA PATRIMONIO: ROUBO: EM ESTABELECIMENTO COMERCIAL,ES,SERRA,JARDIM LIMOEIRO,RUA SAO PEDRO,INDUSTRIA
124,50294476,2023-02-09T00:00:00,11:20:00,CRIMES CONTRA PATRIMONIO,CRIMES CONTRA PATRIMONIO: ROUBO: EM ESTABELECIMENTO COMERCIAL,ES,SERRA,FEU ROSA,RUA DOS CRAVOS,COMERCIO
125,50295138,2023-02-14T00:00:00,18:44:00,CRIMES CONTRA PATRIMONIO,CRIMES CONTRA PATRIMONIO: ROUBO: EM ESTABELECIMENTO COMERCIAL,ES,VILA VELHA,COBILANDIA,AV CARLOS LINDENBERG,COMERCIO
126,50308009,2023-02-18T00:00:00,17:44:00,CRIMES CONTRA PATRIMONIO,CRIMES CONTRA PATRIMONIO: ROUBO: EM ESTABELECIMENTO COMERCIAL,ES,VITORIA,ENSEADA DO SUA,AV AMERICO BUAIZ,COMERCIO
127,50309601,2023-02-18T00:00:00,20:11:00,CRIMES CONTRA PATRIMONIO,CRIMES CONTRA PATRIMONIO: ROUBO: EM ESTABELECIMENTO COMERCIAL,ES,VITORIA,CONSOLACAO,AV MAL CAMPOS,COMERCIO
128,50322313,2023-02-19T00:00:00,14:13:00,CRIMES CONTRA PATRIMONIO,CRIMES CONTRA PATRIMONIO: ROUBO: EM ESTABELECIMENTO COMERCIAL,ES,VITORIA,PRAIA DO CANTO,RUA ALEIXO NETO,COMERCIO
129,50336342,2023-02-21T00:00:00,06:47:00,CRIMES CONTRA PATRIMONIO,CRIMES CONTRA PATRIMONIO: ROUBO: EM ESTABELECIMENTO COMERCIAL,ES,BARRA DE SAO FRANCISCO,BAIRRO CAMPO NOVO,ALAMEDA JOAO XXIII,COMERCIO
130,50346714,2023-02-22T00:00:00,05:25:00,CRIMES CONTRA PATRIMONIO,CRIMES CONTRA PATRIMONIO: ROUBO: EM ESTABELECIMENTO COMERCIAL,ES,IUNA,PITO,TABELIAO DE MORAIS,COMERCIO
131,50349976,2023-02-22T00:00:00,14:28:00,CRIMES CONTRA PATRIMONIO,CRIMES CONTRA PATRIMONIO: ROUBO: EM ESTABELECIMENTO COMERCIAL,ES,COLATINA,CENTRO,RUA ALEXANDRE CALMON,COMERCIO
132,50355391,2023-02-23T00:00:00,03:35:00,CRIMES CONTRA PATRIMONIO,CRIMES CONTRA PATRIMONIO: ROUBO: EM ESTABELECIMENTO COMERCIAL,ES,VILA VELHA,NOVA ITAPARICA,AV. SATURNINO RANGEL MAURO,COMERCIO
133,50359901,2023-02-13T00:00:00,00:41:00,CRIMES CONTRA PATRIMONIO,CRIMES CONTRA PATRIMONIO: ROUBO: EM ESTABELECIMENTO COMERCIAL,ES,VITORIA,PRAIA DO CANTO,TRABALHO,OUTRO LOCAL
134,50359985,2023-02-23T00:00:00,14:19:00,CRIMES CONTRA PATRIMONIO,CRIMES CONTRA PATRIMONIO: ROUBO: EM ESTABELECIMENTO COMERCIAL,ES,ITAPEMIRIM,GRAUNA,ES 490,COMERCIO
135,50363633,2023-02-23T00:00:00,20:52:00,CRIMES CONTRA PATRIMONIO,CRIMES CONTRA PATRIMONIO: ROUBO: EM ESTABELECIMENTO COMERCIAL,ES,VILA VELHA,ITAPOA,RUA NAO CADASTRADA,COMERCIO
136,50363736,2023-02-23T00:00:00,21:07:00,CRIMES CONTRA PATRIMONIO,CRIMES CONTRA PATRIMONIO: ROUBO: EM ESTABELECIMENTO COMERCIAL,ES,ANCHIETA,CENTRO,AV BEIRA MAR.,COMERCIO
137,50364858,2023-02-23T00:00:00,21:00:00,CRIMES CONTRA PATRIMONIO,CRIMES CONTRA PATRIMONIO: ROUBO: EM ESTABELECIMENTO COMERCIAL,ES,VILA VELHA,ITAPOA,AV RESPLENDOR,COMERCIO
138,50367002,2023-02-23T00:00:00,02:40:00,CRIMES CONTRA PATRIMONIO,CRIMES CONTRA PATRIMONIO: ROUBO: EM ESTABELECIMENTO COMERCIAL,ES,VILA VELHA,COQUEIRAL DE ITAPARICA,AV SATUNINO RANGEL MAURO,VIA PUBLICA
139,50367916,2023-02-23T00:00:00,Indeterminada,CRIMES CONTRA PATRIMONIO,CRIMES CONTRA PATRIMONIO: ROUBO: EM ESTABELECIMENTO COMERCIAL,ES,SERRA,NOVA CARAPINA I,AV BELO HORIZONTE,COMERCIO
140,50377782,2023-02-06T00:00:00,15:23:00,CRIMES CONTRA PATRIMONIO,CRIMES CONTRA PATRIMONIO: ROUBO: EM ESTABELECIMENTO COMERCIAL,ES,VIANA,MARCILIO DE NORONHA,AV ESPIRITO SANTO,COMERCIO
141,50380926,2023-02-25T00:00:00,16:14:00,CRIMES CONTRA PATRIMONIO,CRIMES CONTRA PATRIMONIO: ROUBO: EM ESTABELECIMENTO COMERCIAL,ES,ANCHIETA,CENTRO,AV JOSE SILVINO DE MELO,COMERCIO
142,50381299,2023-02-25T00:00:00,17:00:00,CRIMES CONTRA PATRIMONIO,CRIMES CONTRA PATRIMONIO: ROUBO: EM ESTABELECIMENTO COMERCIAL,ES,VITORIA,ILHA DE SANTA MARIA,NAO INFORMADO,COMERCIO
143,50382051,2023-02-24T00:00:00,04:19:00,CRIMES CONTRA PATRIMONIO,CRIMES CONTRA PATRIMONIO: ROUBO: EM ESTABELECIMENTO COMERCIAL,ES,CARIACICA,JARDIM AMERICA,ROD BR 262,COMERCIO
144,50386639,2023-02-26T00:00:00,08:06:00,CRIMES CONTRA PATRIMONIO,CRIMES CONTRA PATRIMONIO: ROUBO: EM ESTABELECIMENTO COMERCIAL,ES,SAO GABRIEL DA PALHA,SANTA HELENA,AVENIDA BARTIMEO GOMES DE AGUIAR,VIA PUBLICA
145,50392207,2023-02-26T00:00:00,20:27:00,CRIMES CONTRA PATRIMONIO,CRIMES CONTRA PATRIMONIO: ROUBO: EM ESTABELECIMENTO COMERCIAL,ES,VITORIA,PRAIA DO CANTO,AV SATURNINO DE BRITO,COMERCIO
146,50392534,2023-02-25T00:00:00,21:00:00,CRIMES CONTRA PATRIMONIO,CRIMES CONTRA PATRIMONIO: ROUBO: EM ESTABELECIMENTO COMERCIAL,ES,VITORIA,PRAIA DO CANTO,AVENIDA SATURNINO DE BRITO,COMERCIO
147,50392683,2023-02-26T00:00:00,08:20:00,CRIMES CONTRA PATRIMONIO,CRIMES CONTRA PATRIMONIO: ROUBO: EM ESTABELECIMENTO COMERCIAL,ES,VITORIA,PRAIA DO CANTO,AV SATURNINO DE BRITO,COMERCIO
148,50393502,2023-02-25T00:00:00,21:05:00,CRIMES CONTRA PATRIMONIO,CRIMES CONTRA PATRIMONIO: ROUBO: EM ESTABELECIMENTO COMERCIAL,ES,VITORIA,PRAIA DO CANTO,AV SATURNINO DE BRITO,COMERCIO
149,50399521,2023-02-25T00:00:00,23:00:00,CRIMES CONTRA PATRIMONIO,CRIMES CONTRA PATRIMONIO: ROUBO: EM ESTABELECIMENTO COMERCIAL,ES,VILA VELHA,NOVO MEXICO,AV NOVO MEXICO,COMERCIO
150,50406848,2023-02-27T00:00:00,17:00:00,CRIMES CONTRA PATRIMONIO,CRIMES CONTRA PATRIMONIO: ROUBO: EM ESTABELECIMENTO COMERCIAL,ES,SAO MATEUS,CENTRO,AV. JONES DOS SANTOS NEVES,VIA PUBLICA
151,50408381,2023-02-28T00:00:00,02:30:00,CRIMES CONTRA PATRIMONIO,CRIMES CONTRA PATRIMONIO: ROUBO: EM ESTABELECIMENTO COMERCIAL,ES,VILA VELHA,ALVORADA,RUA BEIJAMIM CANAL,COMERCIO
152,50411402,2023-02-28T00:00:00,03:33:00,CRIMES CONTRA PATRIMONIO,CRIMES CONTRA PATRIMONIO: ROUBO: EM ESTABELECIMENTO COMERCIAL,ES,VILA VELHA,RIO MARINHO,AV RIO MARINHO,COMERCIO
153,50417854,2023-02-23T00:00:00,22:20:00,CRIMES CONTRA PATRIMONIO,CRIMES CONTRA PATRIMONIO: ROUBO: EM ESTABELECIMENTO COMERCIAL,ES,SERRA,NOVA CARAPINA I,AV BELO HORIZONTE,OUTRO LOCAL
154,50436776,2023-02-14T00:00:00,19:40:00,CRIMES CONTRA PATRIMONIO,CRIMES CONTRA PATRIMONIO: ROUBO: EM ESTABELECIMENTO COMERCIAL,ES,SERRA,BALNEARIO DE CARAPEBUS,AV AUGUSTO RUSKI,COMERCIO
155,50437717,2023-02-28T00:00:00,17:30:00,CRIMES CONTRA PATRIMONIO,CRIMES CONTRA PATRIMONIO: ROUBO: EM ESTABELECIMENTO COMERCIAL,ES,CARIACICA,SANTA BARBARA,COIMBRA MOTOS,COMERCIO
156,50439973,2023-02-11T00:00:00,11:40:00,CRIMES CONTRA PATRIMONIO,CRIMES CONTRA PATRIMONIO: ROUBO: EM ESTABELECIMENTO COMERCIAL,ES,SERRA,FEU ROSA,RUA DOS CRAVOS,COMERCIO
157,50612244,2023-02-10T00:00:00,Indeterminada,CRIMES CONTRA PATRIMONIO,CRIMES CONTRA PATRIMONIO: ROUBO: EM ESTABELECIMENTO COMERCIAL,ES,VILA VELHA,SOTECO,RUA,COMERCIO
